<?xml version="1.0" encoding="UTF-8"?>
<fsrtool>
 <table>
  <name>chat</name>
  <version>1.0</version>
 </table>
 <table>
  <name>fsrtool_alecache</name>
  <version>1.0</version>
 </table>
 <table>
  <name>fsrtool_allys</name>
  <version>1.0</version>
 </table>
 <table>
  <name>fsrtool_api_callgroups</name>
  <version>1.0</version>
 </table>
 <table>
  <name>fsrtool_api_calls</name>
  <version>1.0</version>
 </table>
 <table>
  <name>fsrtool_api_log</name>
  <version>1.0</version>
 </table>
 <table>
  <name>fsrtool_api_outposts</name>
  <version>1.0</version>
 </table>
 <table>
  <name>fsrtool_api_reftypes</name>
  <version>1.0</version>
 </table>
 <table>
  <name>fsrtool_api_sovereignty</name>
  <version>1.0</version>
 </table>
 <table>
  <name>fsrtool_assets</name>
  <version>1.0</version>
 </table>
 <table>
  <name>fsrtool_assets_contents</name>
  <version>1.0</version>
 </table>
 <table>
  <name>fsrtool_calendar_events</name>
  <version>1.0</version>
 </table>
 <table>
  <name>fsrtool_config</name>
  <version>1.0</version>
 </table>
 <table>
  <name>fsrtool_corpchange</name>
  <version>1.0</version>
 </table>
 <table>
  <name>fsrtool_corps</name>
  <version>1.0</version>
 </table>
 <table>
  <name>fsrtool_cron</name>
  <version>1.0</version>
 </table>
 <table>
  <name>fsrtool_currenttypeprice</name>
  <version>1.0</version>
 </table>
 <table>
  <name>fsrtool_eveorder_cachetime</name>
  <version>1.0</version>
 </table>
 <table>
  <name>fsrtool_eveorder_favorits</name>
  <version>1.0</version>
 </table>
 <table>
  <name>fsrtool_eveorder_locations</name>
  <version>1.0</version>
 </table>
 <table>
  <name>fsrtool_eveorder_shipreplacement</name>
  <version>1.0</version>
 </table>
 <table>
  <name>fsrtool_eveorder_user_types</name>
  <version>1.0</version>
 </table>
 <table>
  <name>fsrtool_eveorder_user_types_systems</name>
  <version>1.0</version>
 </table>
 <table>
  <name>fsrtool_fitting</name>
  <version>1.0</version>
 </table>
 <table>
  <name>fsrtool_fitting_module</name>
  <version>1.0</version>
 </table>
 <table>
  <name>fsrtool_jb_apis</name>
  <version>1.0</version>
 </table>
 <table>
  <name>fsrtool_logins</name>
  <version>1.0</version>
 </table>
 <table>
  <name>fsrtool_pos</name>
  <version>1.0</version>
 </table>
 <table>
  <name>fsrtool_pos_corphanger</name>
  <version>1.0</version>
 </table>
 <table>
  <name>fsrtool_pos_filter</name>
  <version>1.0</version>
 </table>
 <table>
  <name>fsrtool_pos_fuel</name>
  <version>1.0</version>
 </table>
 <table>
  <name>fsrtool_pos_maillist</name>
  <version>1.0</version>
 </table>
 <table>
  <name>fsrtool_roles</name>
  <version>1.0</version>
 </table>
 <table>
  <name>fsrtool_ship_skills</name>
  <version>1.0</version>
 </table>
 <table>
  <name>fsrtool_ships</name>
  <version>1.0</version>
 </table>
 <table>
  <name>fsrtool_ships_log</name>
  <version>1.0</version>
 </table>
 <table>
  <name>fsrtool_ships_orte</name>
  <version>1.0</version>
 </table>
 <table>
  <name>fsrtool_ships_player</name>
  <version>1.0</version>
 </table>
 <table>
  <name>fsrtool_shipvolume</name>
  <version>1.0</version>
 </table>
 <table>
  <name>fsrtool_silos</name>
  <version>1.0</version>
 </table>
 <table>
  <name>fsrtool_silos_cachetimes</name>
  <version>1.0</version>
 </table>
 <table>
  <name>fsrtool_silos_reactions</name>
  <version>1.0</version>
 </table>
 <table>
  <name>fsrtool_silos_reactors</name>
  <version>1.0</version>
 </table>
 <table>
  <name>fsrtool_skills</name>
  <version>1.0</version>
 </table>
 <table>
  <name>fsrtool_snow_afk_time</name>
  <version>1.0</version>
 </table>
 <table>
  <name>fsrtool_snow_alts</name>
  <version>1.0</version>
 </table>
 <table>
  <name>fsrtool_snow_characters</name>
  <version>1.0</version>
 </table>
 <table>
  <name>fsrtool_snow_corptax</name>
  <version>1.0</version>
 </table>
 <table>
  <name>fsrtool_snow_evaluation</name>
  <version>1.0</version>
 </table>
 <table>
  <name>fsrtool_snow_jobs</name>
  <version>1.0</version>
 </table>
 <table>
  <name>fsrtool_snow_kills</name>
  <version>1.0</version>
 </table>
 <table>
  <name>fsrtool_snow_news</name>
  <version>1.0</version>
 </table>
 <table>
  <name>fsrtool_snow_ratkills</name>
  <version>1.0</version>
 </table>
 <table>
  <name>fsrtool_snow_rats_bountys</name>
  <version>1.0</version>
 </table>
 <table>
  <name>fsrtool_snow_rats_imgs</name>
  <version>1.0</version>
 </table>
 <table>
  <name>fsrtool_snow_run</name>
  <version>1.0</version>
 </table>
 <table>
  <name>fsrtool_snow_tempchars</name>
  <version>1.0</version>
 </table>
 <table>
  <name>fsrtool_snow_time</name>
  <version>1.0</version>
 </table>
 <table>
  <name>fsrtool_snow_wallet</name>
  <version>1.0</version>
 </table>
 <table>
  <name>fsrtool_user</name>
  <version>1.0</version>
 </table>
 <table>
  <name>fsrtool_user_alts</name>
  <version>1.0</version>
 </table>
 <table>
  <name>fsrtool_user_fullapi</name>
  <version>1.0</version>
 </table>
 <table>
  <name>fsrtool_user_iplog</name>
  <version>1.0</version>
 </table>
 <table>
  <name>fsrtool_user_notifications</name>
  <version>1.0</version>
 </table>
 <table>
  <name>fsrtool_user_online</name>
  <version>1.0</version>
 </table>
 <table>
  <name>fsrtool_user_roles</name>
  <version>1.0</version>
 </table>
</fsrtool>
